battery,num,idx,re,rct,battery_impedance
B0005,1,41,0.04466870036616091,0.06945627304536996,-0.43892624830326377
B0005,2,43,0.04668700162486933,0.07627474098530587,-0.5345201900083068
B0005,3,45,0.044843430573346096,0.0679720560130687,-0.44283635473246313
B0005,4,47,0.04619468955099375,0.07453388918437964,-0.5237919003975053
B0005,5,49,0.04510114851143001,0.06852832896000328,-0.44166468242907403
B0005,6,51,0.04599074473076839,0.07342664108773311,-0.5338763346673802
B0005,7,53,0.044172075577171746,0.06804449516996176,-0.4446971131122189
B0005,8,55,0.0452171085992494,0.07464778408413367,-0.5309039707743043
B0005,9,57,0.043786628196075913,0.06845021227072765,-0.4447264516801405
B0005,10,59,0.04490994541365791,0.07395687603254197,-0.532872136514353
B0005,11,61,0.04463932198878524,0.0683410113732366,-0.44313986175099107
B0005,12,63,0.04717044086931744,0.07208112164479205,-0.5313529259538913
B0005,13,65,0.043558785775475374,0.06868237655872211,-0.4422270753035896
B0005,14,67,0.04648969708635643,0.07102909339339247,-0.5310957750298807
B0005,15,69,0.04526547818261783,0.0681437253042456,-0.4416886468865809
B0005,16,71,0.0463622366817154,0.07193029860543036,-0.5290932227644674
B0005,17,73,0.044483715777434665,0.06782555719716843,-0.44235550334503465
B0005,18,75,0.04482791300205649,0.07288826952758304,-0.5302162152795793
B0005,19,77,0.04441416485910045,0.06885805241213436,-0.4439675331044126
B0005,20,79,0.04466450679894579,0.0727868237536811,-0.5355163357641006
B0005,21,81,0.04453544590029642,0.06779434699116274,-0.44584306186526834
B0005,22,83,0.04502135245555801,0.06940408185539676,-0.5297646986944688
B0005,23,87,0.04610646564263781,0.07041083307756363,0.16811833204846469
B0005,24,89,0.04646251600050638,0.06993774302336724,0.1671147063447002
B0005,25,91,0.04766732499763113,0.06870142026856427,0.16627789136861124
B0005,26,93,0.04772385451119983,0.06950417544214327,0.16775943108492816
B0005,27,95,0.04786769518725868,0.06782851501053842,0.16762269872767815
B0005,28,97,0.04694022963323793,0.069661211991841,0.16483234884153447
B0005,29,99,0.045613419083722975,0.0690386303340568,0.16725251651534961
B0005,30,101,0.04702798243208013,0.07112946749607083,0.16652461539161043
B0005,31,103,0.04672887233883059,0.06971129972921941,0.16626507993208073
B0005,32,105,0.047755380262671634,0.07167079612312527,0.16743729035897897
B0005,33,107,0.04691622519628201,0.06913343554751465,0.16678584507704455
B0005,34,109,0.047022939446838434,0.06976696183555635,0.16848465159964437
B0005,35,111,0.046604793185003,0.06852215228822905,0.1672603156216062
B0005,36,113,0.046245370477528074,0.0719248993978976,0.16553844036136983
B0005,37,115,0.04683293993011124,0.06946896899621643,0.16714365300234812
B0005,38,117,0.04618610336751238,0.07193787056034481,0.1682904330721338
B0005,39,119,0.04624136663986422,0.06934916902797013,0.16490383017739912
B0005,40,121,0.04773737014313117,0.0703395836124857,0.16756978879559375
B0005,41,123,0.049427483436388156,0.0695498357572787,0.16644348195277137
B0005,42,125,0.04838334154876506,0.06973812701544792,0.1690600728545478
B0005,43,127,0.04747841688797767,0.06488297170955903,0.16786908919552262
B0005,44,129,0.048037510039299486,0.07012511424776673,0.16779122202288257
B0005,45,131,0.047703621105183044,0.06859813037774799,0.16632090773629918
B0005,46,133,0.048086960073381944,0.0697134641311117,0.1671261244930798
B0005,47,137,0.04815104655957722,0.06772207819825936,0.16527484799180853
B0005,48,139,0.04754728174038817,0.07318009891168203,0.1678736349598575
B0005,49,141,0.04759013382319219,0.06914272874669278,0.16601180690695846
B0005,50,143,0.04764092098948851,0.07165247326552959,0.16752775370177778
B0005,51,145,0.04764024061757782,0.06898277923910441,0.16423129013495197
B0005,52,147,0.04842436953177311,0.07249983749010006,0.1679091671091576
B0005,53,151,0.04893386185534073,0.06795990180113623,0.16533542302583965
B0005,54,153,0.04943074564871873,0.0701407541984291,0.16760131840825065
B0005,55,155,0.049323007176718225,0.06895642914528509,0.16726587404179852
B0005,56,157,0.04974822543014387,0.07112993844977841,0.1681070248868755
B0005,57,159,0.04912202877042455,0.06890956847456893,0.16796815804779977
B0005,58,161,0.04988486594475391,0.07198302765125617,0.1684406846355563
B0005,59,163,0.047859449246718755,0.06977255608528674,0.16574302663556018
B0005,60,165,0.04921638093217895,0.07146374397937286,0.16564307956625707
B0005,61,167,0.04887229013423192,0.06876809153866811,0.16434069533147347
B0005,62,169,0.04994593893656341,0.07088704261645878,0.16842350408413587
B0005,63,171,0.048296439195350184,0.0673151471016695,0.1657712026562273
B0005,64,173,0.048969605147940264,0.07178168505217358,0.16815563349809043
B0005,65,175,0.04814709226602492,0.0684158918231915,0.16661810164687288
B0005,66,177,0.05022937602514056,0.0718319241428618,0.16629661380000418
B0005,67,179,0.04845430020206581,0.06777935051052719,0.16763497450016038
B0005,68,181,0.04971526662508074,0.07139027154395669,0.16898036197276733
B0005,69,183,0.04868025293328389,0.06583444846364324,0.16691201352929919
B0005,70,185,0.04913216601843565,0.0724518691988788,0.1682818139204378
B0005,71,187,0.049918728983506716,0.06876463309502395,0.16741888174324154
B0005,72,189,0.04920968322529824,0.07304025099509703,0.16675095103326973
B0005,73,191,0.04943664953959982,0.06892300885560772,0.16555904810301225
B0005,74,193,0.04950631616559385,0.07251082944035009,0.16836796346420418
B0005,75,195,0.04940333988784369,0.06864846238725138,0.1656318663015393
B0005,76,197,0.04865176277959679,0.07201762091170956,0.1691897899695743
B0005,77,199,0.04915501980244644,0.06913086863703587,0.1645996885517083
B0005,78,201,0.04916575568371288,0.07316993618002728,0.16694661448317138
B0005,79,203,0.04870161283727027,0.06859455507457586,0.1666675411979506
B0005,80,205,0.04923427342088277,0.07277120733743579,0.16789384717663264
B0005,81,207,0.04885677345766941,0.06871570767989431,0.16785304157309736
B0005,82,209,0.0505475864921389,0.07270866794574943,0.16756075544878138
B0005,83,211,0.0506497585783765,0.06853536104799454,0.1665165816225599
B0005,84,213,0.050118814742107526,0.07301041089661342,0.16809696165720994
B0005,85,217,0.04913242687695094,0.0693303248319639,0.16548890465882934
B0005,86,219,0.049792567319026114,0.07343650361620202,0.1683137430820194
B0005,87,221,0.049633135916243465,0.06881429671018138,0.16537293393885422
B0005,88,223,0.049865378066600005,0.0732133898164959,0.16742792772440548
B0005,89,225,0.048921290356402275,0.06883931362761586,0.1674764294016877
B0005,90,227,0.049811932785538866,0.07459618605206403,0.16869213612446018
B0005,91,229,0.04975125749803476,0.06863892419996058,0.16612342842004468
B0005,92,231,0.04850673488997184,0.07458309776342148,0.168087557953572
B0005,93,233,0.04915918196298162,0.06906734479973246,0.16743845259481477
B0005,94,235,0.050023074203339506,0.0736638387977965,0.16813651190261902
B0005,95,237,0.04970808709656559,0.06830006146095657,0.16737591822610043
B0005,96,239,0.05020469043786587,0.07371885821597624,0.16882120809746204
B0005,97,241,0.048950660803835325,0.06963267386152323,0.16817172130991384
B0005,98,243,0.04975857340773159,0.07465617760875586,0.1678998161912305
B0005,99,245,0.049808396255372756,0.06902298762939403,0.1666248746227563
B0005,100,247,0.04968675503783295,0.07355425821939737,0.16795295547715805
B0005,101,249,0.05059411389974348,0.06858328460478416,0.16576016550094555
B0005,102,251,0.04995005707049774,0.0746229428074614,0.17025082665318333
B0005,103,253,0.04984421041201089,0.07014070107890119,0.16785465803887709
B0005,104,255,0.050282564251258356,0.07360391142336822,0.16777921920646333
B0005,105,257,0.05006270229203594,0.06979118038789997,0.16720372948161583
B0005,106,259,0.04992007781904663,0.074642062777058,0.16824479087535205
B0005,107,261,0.04921445916482306,0.06990836301107425,0.16970830942990936
B0005,108,263,0.05007996435013632,0.07547710929281527,0.16808721925887105
B0005,109,267,0.054692185026359336,0.07464599360022733,0.17049408018126136
B0005,110,269,0.05487320211540928,0.07934403644117197,0.16846545954708025
B0005,111,271,0.05415675281078651,0.07505843667743599,0.16908046105433708
B0005,112,273,0.055240499862766274,0.08002359358228964,0.167082251414946
B0005,113,275,0.054542809780562286,0.07592379199991395,0.16744196291907953
B0005,114,277,0.055080368328742545,0.08045008161921993,0.16783541945549393
B0005,115,279,0.053398671864258646,0.07562889610038578,0.1689263803564048
B0005,116,281,0.05484578494342528,0.08099527914390654,0.16728861404954537
B0005,117,283,0.055453259476974714,0.0748392292244765,0.16840021984716588
B0005,118,285,0.05808949268604193,0.07900611376190819,0.16527969561560757
B0005,119,287,0.05703849864055661,0.07445419405660497,0.16912818993823336
B0005,120,289,0.05639999430512618,0.08181491967012575,0.16450740793379884
B0005,121,291,0.056951772502699796,0.07706935596260868,0.1681630559684374
B0005,122,293,0.057159147914507935,0.08086696623694065,0.16745061067318226
B0005,123,295,0.05595864562729926,0.07609569637070202,0.16991663866511575
B0005,124,297,0.056998793862942924,0.08250100764416027,0.16646469757189544
B0005,125,299,0.05699010907560385,0.07648289029638874,0.1678213249715673
B0005,126,301,0.05791594677751306,0.08175057083151278,0.1674929069944583
B0005,127,303,0.057000769180639774,0.07741124519885696,0.16885469263487146
B0005,128,305,0.0585831887959693,0.08269416457353587,0.16589985487223133
B0005,129,307,0.05728256542976495,0.07692027721215688,0.16895195567164634
B0005,130,309,0.05684411239635824,0.082272625759776,0.16921303852464026
B0005,131,311,0.0589529203196688,0.07735170203997428,0.16984077905294337
B0005,132,312,0.05667203462955093,0.08291573296417665,0.16428285254844507
B0005,133,314,0.058223361510524915,0.07615092115486195,0.17001585283185328
B0005,134,317,0.057798377106990255,0.07518971733166918,0.16934393854998359
B0005,135,319,0.05869361561103209,0.08099673983388944,0.16795155936644016
B0005,136,321,0.0581005359089264,0.07604639902387582,0.17086727084293507
B0005,137,323,0.05687355099054793,0.08079234772463807,0.16655476097358665
B0005,138,325,0.057819391216989646,0.07620792252066097,0.16972288477048045
B0005,139,327,0.058401226760293384,0.0816166339541188,0.1656958834597143
B0005,140,329,0.05729597585562558,0.07603115808018222,0.16841999365090665
B0005,141,331,0.05713926164978321,0.08203042743610463,0.16789539213610025
B0005,142,333,0.057011915661303356,0.07793753101024108,0.16969298331416202
B0005,143,335,0.056846750542401,0.08430934905296765,0.16539815131942198
B0005,144,337,0.05739160457574554,0.07732083011265528,0.1692997797609022
B0005,145,339,0.05971458306876328,0.08128077873787101,0.1668427144060437
B0005,146,341,0.05669401159445664,0.07756322518442982,0.16909713914283975
B0005,147,343,0.057876489486257204,0.0827621596207595,0.16575303062970195
B0005,148,345,0.05711363659055292,0.07889973426640497,0.16723743628967846
B0005,149,347,0.057106052592570886,0.08389339159553517,0.1677847620334108
B0005,150,349,0.058410674041032944,0.07787942798165798,0.16805578268416957
B0005,151,351,0.05832440115222774,0.0823356083860003,0.1669867394829482
B0005,152,353,0.057206589538471034,0.07814181670188959,0.16905345973317834
B0005,153,355,0.05853988727737317,0.08259957408588693,0.1648321615567625
B0005,154,357,0.0568695950036647,0.07851971117292988,0.1696487649400055
B0005,155,359,0.057610002271573896,0.08361769407052744,0.16485385045530723
B0005,156,361,0.05758927754908643,0.07858483851402417,0.16805866404678674
B0005,157,363,0.05687744083786221,0.08453629957179691,0.16421940350045888
B0005,158,365,0.05841225795718409,0.07816622903600336,0.1679378514690769
B0005,159,368,0.058982855797460765,0.07840869791471827,0.17029138502594773
B0005,160,370,0.06019789084807145,0.08377346645248043,0.16543924574381114
B0005,161,372,0.05843281496253658,0.07878612106344238,0.16902899969226634
B0005,162,374,0.05988352416265757,0.08361156763608181,0.16615393108989943
B0005,163,376,0.06081675929565647,0.08038388778322308,0.16720769018339043
B0005,164,378,0.058875120497055886,0.08370562422038381,0.16518117433707738
B0005,165,380,0.058641305762534054,0.07856327599613487,0.1705476634913303
B0005,166,382,0.05844518592952695,0.0843513765148262,0.16492645657646587
B0005,167,384,0.05925711282693887,0.08002743252583437,0.16775390248372893
B0005,168,386,0.06055121054997781,0.08328051476741821,0.16706755647663812
B0005,169,388,0.05877801771423867,0.07918337546950212,0.16940907126209048
B0005,170,390,0.05995025589217596,0.0831904359131708,0.16573195494818946
B0005,171,392,0.05835227769750316,0.07964710418735362,0.1692838815227105
B0005,172,394,0.05956501303684226,0.08487011380929321,0.1636523147879765
B0005,173,396,0.058938187317504366,0.07953792065559018,0.1695404982422505
B0005,174,398,0.059853349010250065,0.08473917663733575,0.1658396256523186
B0005,175,400,0.0584896827626018,0.07964370546866237,0.16915889109243737
B0005,176,402,0.05874548029308314,0.08711721350349075,0.16480997631871877
B0005,177,404,0.06134060755888107,0.07733665024296885,0.16820126291068555
B0005,178,406,0.06083767084489383,0.08490902777488013,0.16048814299274014
B0005,179,408,0.05834271794334396,0.07994246159333938,0.16843328752762587
B0005,180,410,0.05993762786815949,0.08479950183605617,0.16251325830834723
B0005,181,412,0.05979534226516758,0.07964682734703848,0.1696423340362778
B0005,182,414,0.05959588691816853,0.08518775171680287,0.163891355152006
B0005,183,416,0.05920398197966059,0.08007181105183933,0.168659869766124
B0005,184,418,0.058400743519397356,0.08632938236969102,0.1631792620570628
B0005,185,420,0.06134389439332634,0.07989290542746168,0.16804253832833665
B0005,186,422,0.06260506440345279,0.08502111899525971,0.16398469416501057
B0005,187,424,0.05881986188457543,0.07914854798469835,0.16837759552561857
B0005,188,426,0.06115195391732467,0.08485577620272611,0.16409919126312356
B0005,189,428,0.060462461899175826,0.08092668356466791,0.16912988770021814
B0005,190,430,0.059630601199984506,0.0850345675980089,0.16483694330814672
B0005,191,434,0.06160738568225919,0.08020127504914304,0.16877595883276236
B0005,192,436,0.060986669920577066,0.08583976882422588,0.16487128939014828
B0005,193,438,0.060802701783849895,0.08185255727094856,0.16725994589979074
B0005,194,440,0.06100425704109886,0.08588436114872877,0.16328351054411383
B0005,195,442,0.06147075614169803,0.08170752156365965,0.16719400176620558
B0005,196,444,0.06232914782727364,0.08822161138920462,0.16118577268845097
B0005,197,446,0.062141039518508724,0.08177099146255969,0.16658599575113323
B0005,198,448,0.061502762788551504,0.0872699062901812,0.161641610213739
B0005,199,450,0.059631149799839814,0.08257600572707498,0.16853072284126
B0005,200,452,0.06141907994833745,0.08720378292525818,0.1629636213941075
B0005,201,454,0.061083512551729904,0.08239994758407483,0.16715343131277918
B0005,202,456,0.06121665145307191,0.0872819262712242,0.15638979930229635
B0005,203,458,0.06148387399714281,0.08269579716686087,0.16768353364742092
B0005,204,460,0.062704070176938,0.08679111809854424,0.15847711338262135
B0005,205,462,0.0617088861822979,0.08329169748855401,0.16543707748631653
B0005,206,464,0.06172613583587411,0.0883779260119075,0.16081932040866828
B0005,207,466,0.06088889899741356,0.08311038310685015,0.16402799103901564
B0005,208,468,0.06185223703499693,0.08697922184678317,0.16057182706637776
B0005,209,470,0.06106743458543022,0.08375435203587812,0.16656522339456592
B0005,210,472,0.06310358102659182,0.08852234569242505,0.16039938093927125
B0005,211,474,0.06084445004689351,0.08308225537417147,0.16782897779252212
B0005,212,476,0.06228746060457266,0.08923087570947913,0.16021328876915963
B0005,213,478,0.06351594916063175,0.08411816433198452,0.16649941903609722
B0005,214,480,0.06270549893166993,0.08838724457648714,0.15904480753771835
B0005,215,486,0.05609876336075707,0.0751803131352498,0.17024685155651303
B0005,216,488,0.053286381622558374,0.08156856568421471,0.16662479500466534
B0005,217,490,0.05438777538615831,0.07604192318654494,0.1699069090614039
B0005,218,492,0.05293147474045376,0.08275693411495888,0.16635928373371167
B0005,219,494,0.054476476622608364,0.07673140547029404,0.16895361377985307
B0005,220,496,0.05588929297745871,0.08226321054006082,0.16592598650285556
B0005,221,498,0.05599607903184257,0.07651440849093617,0.1689549252974691
B0005,222,500,0.05841778368115902,0.08029809490533976,0.16585412366000887
B0005,223,502,0.052279965818119264,0.07486615123258515,0.16914071916745607
B0005,224,504,0.056411433170262516,0.0819223123309917,0.16902142699866218
B0005,225,506,0.05350804531294866,0.07610419438082021,0.17013354892432359
B0005,226,508,0.05568015964086863,0.08177399086572994,0.16490221537838998
B0005,227,510,0.053892806183993766,0.07778309560578801,0.1702241009574133
B0005,228,512,0.056210257603528525,0.08328067168438782,0.16482307829798798
B0005,229,514,0.05500261254176024,0.0770552542641119,0.16985819769260602
B0005,230,516,0.05579452141186236,0.0829501208969064,0.16764256111355866
B0005,231,518,0.055477936916064945,0.07700167355105111,0.1701322519258189
B0005,232,520,0.057799714665998925,0.08190303229216056,0.16737438490169998
B0005,233,522,0.055131598162180676,0.07705565644815345,0.1696557809627501
B0005,234,524,0.05577529472858128,0.08294674118422612,0.16540712747332353
B0005,235,526,0.05581143896033036,0.07655193817591452,0.16961055828673074
B0005,236,528,0.056559391313402284,0.08237490117893426,0.16607106411267403
B0005,237,530,0.05517339070760031,0.07730223904611441,0.1689627503458563
B0005,238,532,0.05334424687864744,0.08448562230827522,0.16447371867690555
B0005,239,534,0.05620338276580351,0.07843574895859332,0.16807810122987915
B0005,240,536,0.056262478978249195,0.0830662312193171,0.16625759972129298
B0005,241,538,0.054122848764169285,0.07853439066990606,0.16836464113694002
B0005,242,540,0.05339424998746291,0.08335635527903888,0.16705351692649664
B0005,243,542,0.05545823824882687,0.07866069372174239,0.16980584681253777
B0005,244,544,0.05854525235071128,0.08836885185980756,0.1618217141290116
B0005,245,546,0.057849417299627566,0.08078773867849699,0.1675774458596207
B0005,246,549,0.05861499608457943,0.0815465143150512,0.16777799747116973
B0005,247,551,0.06142385686894261,0.08496390395839584,0.1619443777185415
B0005,248,553,0.05514590684509453,0.08131922130895523,0.16920571505464574
B0005,249,555,0.05952338030179974,0.08720833121299235,0.1637699242089148
B0005,250,557,0.060395218506932496,0.08118649064632041,0.1672394493375141
B0005,251,559,0.05926159085880675,0.08777868669454861,0.16139297316227988
B0005,252,561,0.05837332151817875,0.08168688613354813,0.16742114831575064
B0005,253,563,0.05952378458944331,0.08843007755224046,0.16206299009868336
B0005,254,565,0.058915317530095296,0.08242888973447615,0.16674060887807904
B0005,255,567,0.05967664811705819,0.08584374973711092,0.1591906380426272
B0005,256,569,0.05679308055986898,0.08277241951062583,0.16921498984651323
B0005,257,571,0.05975988463048883,0.08662483639594361,0.16498911723962986
B0005,258,573,0.061548802456462645,0.08166650115809095,0.1643558533622583
B0005,259,575,0.05950259165745283,0.08636882918668189,0.1624856633368271
B0005,260,577,0.05815785715365463,0.08076638409033879,0.16960720868559123
B0005,261,579,0.05955598055289399,0.08821831541627395,0.16141759488633906
B0005,262,581,0.05998242374388253,0.08040837607181418,0.16740133313822264
B0005,263,583,0.05949136479118529,0.08873029794077426,0.16048893292766286
B0005,264,585,0.06032121649663735,0.080340961111739,0.16737325638103928
B0005,265,587,0.06052114924707915,0.08753623977970666,0.1615431347618996
B0005,266,589,0.05960681398165175,0.08219508357127864,0.1658354421066544
B0005,267,591,0.05982677899726283,0.08853801860235527,0.16062362343036088
B0005,268,593,0.061154671315268125,0.0812995137183745,0.16818698392950135
B0005,269,595,0.057944393691446945,0.08890519876854222,0.15723606420475947
B0005,270,597,0.05499483450370441,0.08325251281361706,0.16965333321645504
B0005,271,599,0.06175931225184275,0.0847212726764891,0.1591422232831155
B0005,272,601,0.058456129317427746,0.08270193673891646,0.16545781339254284
B0005,273,603,0.05898908039586478,0.08573621892771217,0.1610723100355942
B0005,274,605,0.05880084419395591,0.08236983437565949,0.17011354563790104
B0005,275,607,0.05763029720163586,0.08742389347930328,0.16289481978550963
B0005,276,609,0.05898388938334406,0.08252211755101288,0.16791277308674918
B0005,277,611,0.057823749393303175,0.08975687046479841,0.15927478987261467
B0005,278,615,0.05003573195803179,0.07479234613687553,0.1696805376998158
B0006,1,41,0.06123359021000344,0.0785415394665875,0.003340930844086225
B0006,2,43,0.06561684946388616,0.0886832084583472,0.5022858662719889
B0006,3,45,0.06062991544979002,0.07802409378290423,0.11346865221974725
B0006,4,47,0.0626250732462495,0.08533725531470857,-0.10927724668599424
B0006,5,49,0.0608598716542857,0.07840240203025303,0.19333964653457175
B0006,6,51,0.062249571082343746,0.08440849663820382,0.6094418710394165
B0006,7,53,0.06006450818180178,0.07807093382204865,0.20937219172236124
B0006,8,55,0.062201023860373954,0.08437084638397113,0.1002926678847015
B0006,9,57,0.05913130853407464,0.07795570757873038,0.1232365060515027
B0006,10,59,0.06207350175489952,0.0838418603746595,-0.10482790732963289
B0006,11,61,0.06059698754511872,0.07938182566133384,0.202731301723326
B0006,12,63,0.06200595535926761,0.08243346882486241,-0.08719572627561992
B0006,13,65,0.0604355089729667,0.07949409294266127,-0.31485366985217966
B0006,14,67,0.06251817310661875,0.08413790663872997,-0.10925037336607875
B0006,15,69,0.0598822703747387,0.07871218357298479,0.21149989586159018
B0006,16,71,0.060953270532872306,0.08269288603896705,-0.09232704510750583
B0006,17,73,0.06058721482266893,0.07989533922911993,0.20946836239882835
B0006,18,75,0.06236564071812447,0.08389054593182355,-0.08594758071573268
B0006,19,77,0.06090836519034555,0.0797490751361702,-0.4133483806370146
B0006,20,79,0.0623876560738503,0.08427447476572261,-0.09402968035233822
B0006,21,81,0.060369152473069135,0.08014506815871338,0.15787229947660972
B0006,22,83,0.06209144685667864,0.08164302964777198,0.20331119388070107
B0006,23,87,0.06356536156604609,0.08150834385680611,0.15013667288715962
B0006,24,89,0.06232003183337441,0.08021169162372531,0.14631240071904128
B0006,25,91,0.06294168193775251,0.08199172562670037,0.14977727359503992
B0006,26,93,0.06189122330035962,0.08120805787615462,0.14417971529090592
B0006,27,95,0.0628654066217946,0.08144682676052387,0.1489415395055836
B0006,28,97,0.06171642129064926,0.08150165216580176,0.14915436358906828
B0006,29,99,0.06291524637705144,0.08277116642147596,0.1500094667445364
B0006,30,101,0.06199878481176484,0.08138761044036787,0.14651530015728312
B0006,31,103,0.06307762333013402,0.08287146905081498,0.15537044650979678
B0006,32,105,0.06250406054880163,0.08169124692338582,0.14962736966749507
B0006,33,107,0.0627995855607608,0.0818468337271938,0.15526636406675984
B0006,34,109,0.06201388686472383,0.08131610081343171,0.14817009281588697
B0006,35,111,0.06308360062643197,0.08264257683503572,0.15292500964832906
B0006,36,113,0.06183019217410585,0.08120435160553863,0.14991638970999227
B0006,37,115,0.06313290641362876,0.0837217579093773,0.15481911460570827
B0006,38,117,0.06282694657880761,0.08347157844651079,0.15207200309783003
B0006,39,119,0.06336352421336121,0.0837975537463188,0.15363067696148278
B0006,40,121,0.06349817571333986,0.08385488671663242,0.15140939794024613
B0006,41,123,0.06264078681571249,0.08299028292337617,0.1541062794526192
B0006,42,125,0.060945139936148515,0.082015904986437,0.15140824100649597
B0006,43,127,0.06395085325023771,0.0832684036551876,0.1567757354798821
B0006,44,129,0.0639175801612165,0.08216571708748939,0.15099947150788678
B0006,45,131,0.061914442984428886,0.0827944269463386,0.1515649362584486
B0006,46,133,0.06223664045181756,0.08227519539898062,0.1504261425349055
B0006,47,137,0.06368589032225634,0.08410980261203092,0.1570425964573395
B0006,48,139,0.06203106446308808,0.08319177703888532,0.14944880781756512
B0006,49,141,0.06394139531038306,0.08439590554803003,0.155918882012364
B0006,50,143,0.06250649038034015,0.08426848073493345,0.1540717667082252
B0006,51,145,0.06334074841835481,0.08443325960211569,0.1558911966079942
B0006,52,147,0.06261533272747599,0.0839721783477321,0.15334632629863704
B0006,53,151,0.0659851482712769,0.08205908433058269,0.15499569524945364
B0006,54,153,0.0645724621588098,0.08034229300933068,0.14676376643768688
B0006,55,155,0.06584265367322818,0.08228467898593818,0.15423844900796432
B0006,56,157,0.06368615846693702,0.08236363977175419,0.1484981950183848
B0006,57,159,0.06586299475840429,0.08404816384807184,0.15487947351736073
B0006,58,161,0.06291209789909709,0.08214102281998399,0.15384215862198433
B0006,59,163,0.06445446289569287,0.08372729247372598,0.15515050457701973
B0006,60,165,0.06366741172107057,0.08296956725555057,0.1520327086942277
B0006,61,167,0.06449971024722613,0.08439116060930645,0.15512818566487804
B0006,62,169,0.06454586928056331,0.08390558187210605,0.15500975466339675
B0006,63,171,0.06462222077599941,0.08347874261289515,0.1583515396889897
B0006,64,173,0.06441730776729335,0.08332080296168762,0.1522634654951984
B0006,65,175,0.06535744633615422,0.08372284778321133,0.1557222490678914
B0006,66,177,0.06517362934686399,0.08478155339352322,0.15680056925438327
B0006,67,179,0.0657374096950185,0.08640081854624075,0.15694619792714673
B0006,68,181,0.06359515956336817,0.08418492196132377,0.15686701380988047
B0006,69,183,0.06569551042223239,0.08528415424415496,0.15776564394559367
B0006,70,185,0.06528547500729169,0.08605041403439097,0.15852408287012493
B0006,71,187,0.06608858001407364,0.08697381626854853,0.15929716454315845
B0006,72,189,0.06653396257005847,0.08674821993371198,0.1578646687562516
B0006,73,191,0.0673918549622027,0.0861118887620564,0.16234743775341487
B0006,74,193,0.06634112534272091,0.08720558299891104,0.15836841625972045
B0006,75,195,0.0671457542138853,0.08632770749811566,0.15834219301077257
B0006,76,197,0.06590996191117977,0.08712834097374948,0.16113350883821353
B0006,77,199,0.06656218407046685,0.0876302548566821,0.15929186054580435
B0006,78,201,0.06605623626692969,0.08756285633165226,0.1574286881263214
B0006,79,203,0.06683041793365703,0.0881304972895854,0.1587240699035288
B0006,80,205,0.06590274256382748,0.08820859113319164,0.15860089663367608
B0006,81,207,0.0671228648017542,0.08952481378716437,0.1613378038271966
B0006,82,209,0.06791172070092616,0.08831509615303365,0.16083422520275586
B0006,83,211,0.06804767963498151,0.08818918574404519,0.16120257724366938
B0006,84,213,0.06674377333784236,0.08857968181390717,0.16110800685540905
B0006,85,217,0.06787371479427354,0.08934891169767059,0.16091913386663573
B0006,86,219,0.06641297510611752,0.0895032370200492,0.16205305623548102
B0006,87,221,0.06842378612071928,0.0901555365219136,0.16139852359435217
B0006,88,223,0.06686868471567307,0.08981021390663306,0.162509451165202
B0006,89,225,0.06826417312265938,0.09040770934408239,0.1629835255297286
B0006,90,227,0.0675638979208385,0.09093282660720825,0.16155892204685487
B0006,91,229,0.06774703943897442,0.0901563443871731,0.16020751582720785
B0006,92,231,0.06767916633501396,0.09097518732194294,0.16282658529038532
B0006,93,233,0.06860934588238804,0.09068687374298401,0.16267068017225408
B0006,94,235,0.0679726933427561,0.09232410955240872,0.16264494104313168
B0006,95,237,0.06856628257658516,0.09028017093370612,0.16356529933558628
B0006,96,239,0.06833354741887734,0.09201668954083403,0.16497954685063487
B0006,97,241,0.06838165618496082,0.09097113788599188,0.1647133108707481
B0006,98,243,0.06885136093381199,0.0925822548520223,0.16358785252362146
B0006,99,245,0.06936455209326015,0.09111307751610045,0.16487911314177028
B0006,100,247,0.06906646906873301,0.0934909607320899,0.1643624759956914
B0006,101,249,0.06981284024900297,0.09154323806605419,0.1632431894397371
B0006,102,251,0.06870914709601504,0.09387730518518865,0.16473134122714272
B0006,103,253,0.06972534834514055,0.09161565328372992,0.1640839183805656
B0006,104,255,0.06952595566680789,0.09418623001298362,0.1642909540881027
B0006,105,257,0.06923026401542158,0.09233738103251986,0.16358702901651415
B0006,106,259,0.06825231466048369,0.09343980119280403,0.16380602653390358
B0006,107,261,0.06891786116947377,0.09149357719093887,0.1630726005933895
B0006,108,263,0.06960330384223117,0.09561343002331575,0.1639751512154011
B0006,109,267,0.07057714520177544,0.0924269028093456,0.1656287173560117
B0006,110,269,0.06944383967261045,0.09508674404018921,0.16488081591774276
B0006,111,271,0.06983595497026351,0.09248565148585214,0.16439085127296427
B0006,112,273,0.0692409257238966,0.09541147475162996,0.16456596342511703
B0006,113,275,0.06990013486335687,0.09343565348198297,0.16573852913901868
B0006,114,277,0.07018023704211739,0.09580053634249773,0.16422129488820963
B0006,115,279,0.07073773149658581,0.09452066543188685,0.16357686875949337
B0006,116,281,0.07032112501568692,0.09530176637205882,0.16491822376545567
B0006,117,283,0.07084182825182998,0.09379226536803063,0.16451939795367912
B0006,118,285,0.06930780981897802,0.09454813120638911,0.1652106820805907
B0006,119,287,0.07177894475349142,0.09233933765862073,0.16473374228532364
B0006,120,289,0.07066012489753228,0.09558033908197718,0.16364213106940087
B0006,121,291,0.07090729696873323,0.0926979751716576,0.1642819556036398
B0006,122,293,0.07048796563268331,0.09637484690828765,0.1641855950618885
B0006,123,295,0.07018463941503206,0.09351139693183291,0.1662857417717143
B0006,124,297,0.071253157527167,0.09693308592499948,0.16492389290257045
B0006,125,299,0.07186743983607999,0.09465159812302526,0.16495085554967256
B0006,126,301,0.07290881656804299,0.0968587759009549,0.16495822483157807
B0006,127,303,0.07182020327017155,0.09406289629370085,0.1657125530902789
B0006,128,305,0.0725103674563298,0.09660159139822988,0.16498162229305602
B0006,129,307,0.07177478049617578,0.09532003488084542,0.1651753976483669
B0006,130,309,0.07088794010729621,0.09740741420439394,0.16489518918801166
B0006,131,311,0.07036836968833657,0.09274330283644272,0.16531774860048928
B0006,132,312,0.07141473238066469,0.09614920599785416,0.16537137722915035
B0006,133,314,0.07075152805097641,0.09048196250260114,0.1629468468371777
B0006,134,317,0.07083150479026026,0.09066604075689752,0.16353388408145003
B0006,135,319,0.07030413873328058,0.0930529362512398,0.16430570338131392
B0006,136,321,0.07118362015441645,0.0928235588614077,0.16196770910117425
B0006,137,323,0.07156671814928477,0.09367023927457886,0.16669492230115632
B0006,138,325,0.07131586967408446,0.09263070337895823,0.1615475611808031
B0006,139,327,0.07235057565104601,0.09440345976365576,0.16552927368351067
B0006,140,329,0.07082699476931537,0.09249135121320001,0.16263018328772838
B0006,141,331,0.07033788263426383,0.09507092273616935,0.1645224394027771
B0006,142,333,0.0712990567757895,0.09306498833833467,0.164608050899713
B0006,143,335,0.07148316063857231,0.09546831610525248,0.16602986449826304
B0006,144,337,0.07153178049404317,0.09395541657590765,0.16539767214056172
B0006,145,339,0.07177878179971342,0.09678915937102545,0.16540404996883495
B0006,146,341,0.07210470131692288,0.09426903728901763,0.16390855355260373
B0006,147,343,0.07217659052012376,0.09731548106056298,0.16593067849937726
B0006,148,345,0.07254046891986726,0.09511625677952429,0.16418915867246794
B0006,149,347,0.07275773932145782,0.09742370041141407,0.16601379565804708
B0006,150,349,0.07242420049463154,0.09419821095899443,0.16503451700010696
B0006,151,351,0.07161196696477634,0.09618267512171286,0.16601619489154268
B0006,152,353,0.07177274897642728,0.09431269324325077,0.1644974342269488
B0006,153,355,0.07236285655797875,0.09800608224040097,0.1644851617872056
B0006,154,357,0.07197325031942853,0.09403994753481937,0.16550036870788148
B0006,155,359,0.07217187946582546,0.09754420653220938,0.16415636439633408
B0006,156,361,0.07218496036569667,0.09436432368311946,0.16583796831390177
B0006,157,363,0.07327514105662862,0.09816756377374604,0.16623703476874077
B0006,158,365,0.07255344400984245,0.09400039614590885,0.16447413776401254
B0006,159,368,0.07279898453381024,0.0935192293551594,0.16473731055792484
B0006,160,370,0.0737422116355231,0.09682011701371697,0.16530446306248786
B0006,161,372,0.07230626414964644,0.09373318368991343,0.1635937952932392
B0006,162,374,0.07351181896001253,0.09784840606777727,0.16517787819402913
B0006,163,376,0.0731481609531371,0.09450117088751923,0.16474655132986168
B0006,164,378,0.07363095072187217,0.09872074778143794,0.1646937189655291
B0006,165,380,0.07258698856788243,0.0942767204381327,0.16589288853215944
B0006,166,382,0.07483720295528123,0.09855595497783809,0.16561368496955006
B0006,167,384,0.07231062653103708,0.09437378694839117,0.16466757275573835
B0006,168,386,0.07422880685868813,0.09794583413307753,0.16476348782684655
B0006,169,388,0.07185660712942502,0.09376323440193435,0.163696355978878
B0006,170,390,0.07359262883289279,0.09794263420249376,0.16372055685335257
B0006,171,392,0.07355530338796804,0.09481493549893713,0.1649404548575895
B0006,172,394,0.07428961541366103,0.09782803971993742,0.16398456206220788
B0006,173,396,0.07377742233884306,0.09550761968799028,0.16458345692642393
B0006,174,398,0.07436247289279864,0.100297485432866,0.16300438587623517
B0006,175,400,0.07280893667527459,0.09466825353513973,0.1647777538291117
B0006,176,402,0.07308819155500623,0.10028552688952369,0.1626261177579291
B0006,177,404,0.07423988397360735,0.09455851844360653,0.16471378830220668
B0006,178,406,0.07390565956199621,0.10034826354300655,0.1643199060216818
B0006,179,408,0.07351251053388887,0.09455928328741696,0.16552505124937178
B0006,180,410,0.07406486350284623,0.09903658397481056,0.1662211943851285
B0006,181,412,0.07290767778143425,0.09500166880506605,0.16314170874845665
B0006,182,414,0.07434066648007011,0.10067908230747398,0.1636654995309132
B0006,183,416,0.07276351441984508,0.0952721862664049,0.163310602283087
B0006,184,418,0.0749835856113319,0.1003809603504959,0.16405192247216066
B0006,185,420,0.07280904458053215,0.09417469896249388,0.1648444489552717
B0006,186,422,0.07363422580248341,0.10034341350119641,0.16422491476999143
B0006,187,424,0.07366216781831048,0.09401252729903897,0.16429653179344586
B0006,188,426,0.07495654638579109,0.0986748779007716,0.16323775271991733
B0006,189,428,0.07300473215689747,0.09488419183565079,0.16380889469930948
B0006,190,430,0.075132937700244,0.09988518450397564,0.16397353047047747
B0006,191,434,0.07456415358800406,0.09465513038241297,0.16574856628393153
B0006,192,436,0.07592804413673004,0.10032970664387303,0.16228661149417353
B0006,193,438,0.07343307367232554,0.09496461248763269,0.1661922248187469
B0006,194,440,0.07550871785129283,0.10116073256897913,0.16308646839935248
B0006,195,442,0.07401683695868191,0.09598514883171738,0.1640994719201803
B0006,196,444,0.07460959963253604,0.10145892418195081,0.16442944751240277
B0006,197,446,0.07392462060613289,0.09596990760137802,0.1642420952345383
B0006,198,448,0.07487960335651152,0.10060335245891304,0.16263377650243127
B0006,199,450,0.07350439612412557,0.09612015257573586,0.16339796096020562
B0006,200,452,0.07528060880004324,0.10254518763662164,0.1641620075772398
B0006,201,454,0.07264208276353092,0.09534113281992042,0.16183979935476528
B0006,202,456,0.07499556374166019,0.10138737916427212,0.1632706476683753
B0006,203,458,0.07311999977664198,0.09592311750334574,0.163536952319355
B0006,204,460,0.07635857115497807,0.1014317733775896,0.1622477671371841
B0006,205,462,0.07352773427813793,0.09722971147738375,0.16400003249530024
B0006,206,464,0.07477686532784665,0.10280887562042597,0.16343374957293144
B0006,207,466,0.07365221366344325,0.09623949046601309,0.16483531227065537
B0006,208,468,0.07601129120974016,0.10207495349364025,0.15956129980809888
B0006,209,470,0.0738708282490051,0.09642311008921206,0.16486906930018114
B0006,210,472,0.07632337493459862,0.1024320211016061,0.16340565617830846
B0006,211,474,0.07357181902429763,0.09759059351551938,0.16530157728017186
B0006,212,476,0.0749954456773232,0.10259630569279,0.16352392476453947
B0006,213,478,0.07457692199537422,0.098332863281485,0.16434352482965225
B0006,214,480,0.07655910700249269,0.10301800475787612,0.16138398871598938
B0006,215,486,0.07348534244575625,0.09721507881558597,0.16571573563716946
B0006,216,488,0.07627816468715698,0.10209285250394709,0.16225435283073064
B0006,217,490,0.07200798231511968,0.09467221621756744,0.1657357599481203
B0006,218,492,0.07628105077777647,0.10123049924820199,0.16232198101255835
B0006,219,494,0.07340853801638215,0.09646817904064085,0.16324444241207017
B0006,220,496,0.07559149558239868,0.10170048160813132,0.1624468821505056
B0006,221,498,0.07368975629679228,0.09703678483745568,0.1639307992489835
B0006,222,500,0.07436926956755013,0.10195116957544287,0.16205089234201978
B0006,223,502,0.07251824118465043,0.09465591179063428,0.16435418699145407
B0006,224,504,0.07554946383264172,0.1033905552179119,0.16027239631175647
B0006,225,506,0.07383014762823663,0.09770882689347758,0.16362069537659416
B0006,226,508,0.07543780913259987,0.10190222500615645,0.16280030536979342
B0006,227,510,0.07329562021253073,0.09701097507123445,0.16554659200869784
B0006,228,512,0.0752830478385875,0.10212799871439257,0.16214934775669118
B0006,229,514,0.07358700423436104,0.0984700686918705,0.1648279595743787
B0006,230,516,0.07504265846305132,0.10234809729911541,0.16174073148653256
B0006,231,518,0.07299830246064513,0.09674804588399895,0.16357828892071077
B0006,232,520,0.07493083270026814,0.10316530446995302,0.1640164018134412
B0006,233,522,0.07317671448765889,0.09789006335131165,0.1646784762151172
B0006,234,524,0.07555918138378297,0.10171557782292613,0.16232332606365174
B0006,235,526,0.07330671757566318,0.09867203700323107,0.1649523798935118
B0006,236,528,0.07529135855581007,0.10399050592213124,0.16430075901939578
B0006,237,530,0.07381497446326195,0.09966717133921947,0.16401271994344507
B0006,238,532,0.07695888745317593,0.10278141799912464,0.16120256713309927
B0006,239,534,0.0749168340838373,0.09740913121594287,0.16523812272963512
B0006,240,536,0.07582454225155175,0.10410637069985224,0.16182911722384574
B0006,241,538,0.07319733067893863,0.0986378767270153,0.16473459361518436
B0006,242,540,0.07591191584477391,0.10494385154400138,0.15983797435737032
B0006,243,542,0.07412387969571942,0.09846760988701693,0.1642922746889565
B0006,244,544,0.07629297155319334,0.10647126315333194,0.15909222782534002
B0006,245,546,0.07444944766297028,0.09763490351376954,0.16457109618139723
B0006,246,549,0.07429801976099379,0.09727249699620968,0.16477452700131584
B0006,247,551,0.0752876188558989,0.10131281846755223,0.16336936287182746
B0006,248,553,0.0732641449429155,0.09485788030578557,0.16563021109628778
B0006,249,555,0.07525091465096566,0.10263114150619053,0.1600827764512591
B0006,250,557,0.07295338594839133,0.09709171535624934,0.1651093023445849
B0006,251,559,0.07579555842218386,0.10337622430701954,0.16151092242903464
B0006,252,561,0.07229989931673016,0.09726851617156725,0.16496597708771998
B0006,253,563,0.07634314633390711,0.10459379391771405,0.1590637852619383
B0006,254,565,0.07208193445058439,0.09632752730869723,0.16463709052176753
B0006,255,567,0.07548574752727838,0.10415670198896312,0.16000592198387528
B0006,256,569,0.074020498261262,0.09921529436633025,0.16445246680299064
B0006,257,571,0.075678173941146,0.10498941605859084,0.15873397277727946
B0006,258,573,0.07451902070420802,0.09722241475542803,0.16436114846206512
B0006,259,575,0.07639730618221811,0.10625558495145841,0.15619605279091417
B0006,260,577,0.07424018982352315,0.09804575972887292,0.1651751026297176
B0006,261,579,0.07554089552390525,0.10325199429925233,0.1600649705446274
B0006,262,581,0.0751269930267548,0.0976015207267083,0.16375789165293278
B0006,263,583,0.07758555911246837,0.10473113760753461,0.15877276190616846
B0006,264,585,0.07300304718574424,0.09986121453402325,0.1637730596312144
B0006,265,587,0.07914099539982122,0.10410597469599145,0.1575150569193946
B0006,266,589,0.0733791162898153,0.10012439870046425,0.16339154037873452
B0006,267,591,0.07703480377026387,0.1043025357256912,0.16032187548157104
B0006,268,593,0.07400638737748559,0.10058214210272005,0.16384219738542088
B0006,269,595,0.07558657312230183,0.10545022867710716,0.16032714682696803
B0006,270,597,0.07445731304872845,0.09771765292275987,0.16529076458192496
B0006,271,599,0.07680024027253078,0.10505838895245793,0.1573256864435882
B0006,272,601,0.07404961895766839,0.10004265315557904,0.1647908578640469
B0006,273,603,0.07773379473968531,0.1055258410926404,0.1583966351118422
B0006,274,605,0.07345356672681479,0.09958433419834246,0.16290166540469622
B0006,275,607,0.07649758460967311,0.10668360253694291,0.15430642544244852
B0006,276,609,0.07429181207917376,0.10145770673563659,0.16465017712980995
B0006,277,611,0.07693445086160708,0.10589812281309796,0.1601386114970219
B0006,278,615,0.07358936787982846,0.09999474026181411,0.16528472804727387
B0007,1,41,0.03816813609946085,0.06158094574229446,-0.09963270993545563
B0007,2,43,0.042352200255114755,0.07946205744298855,0.11042371978101274
B0007,3,45,0.03971312292013592,0.06180654339682964,-0.10350906656475028
B0007,4,47,0.04171928239305599,0.08085099253522705,0.0662095000842506
B0007,5,49,0.03840146399106517,0.06100130384680727,-0.10202087660846569
B0007,6,51,0.041725543288745344,0.07324252372827775,-0.5998055529916778
B0007,7,53,0.0371051772037323,0.06007565108189894,-0.10387724073654642
B0007,8,55,0.039929523505293565,0.07752548996987343,-3.033125225036406
B0007,9,57,0.037833946033938984,0.061293760421866045,0.07311928896207251
B0007,10,59,0.040868280768717374,0.07683869552898764,1.50994095389551
B0007,11,61,0.037520425405365855,0.060073134186248135,-0.10389602087372124
B0007,12,63,0.04169865656080958,0.0720729677827527,-3.413323307253259
B0007,13,65,0.03739727137150672,0.0612330724542185,-0.10656685499614117
B0007,14,67,0.03998676920342006,0.07363674363826805,-1.2719701276839073
B0007,15,69,0.03591968009886427,0.06057069111701671,-0.10433647011307047
B0007,16,71,0.04146824914736063,0.06954303801749961,-4.908956990484171
B0007,17,73,0.03738579892114978,0.06131737602920535,-0.1052015986820986
B0007,18,75,0.040910536950841486,0.06973813181143433,-4.556998055069329
B0007,19,77,0.03789058841967389,0.06032875855026001,-0.10642027087133284
B0007,20,79,0.040097248859574955,0.07288145197811349,-2.352305022283574
B0007,21,81,0.03715722957533256,0.06103479269674707,0.1720634887122249
B0007,22,83,0.04119201955867326,0.06848356653346994,2.5381005819928073
B0007,23,87,0.04105669646645134,0.07065997133250308,0.16150682217217893
B0007,24,89,0.041759405414555945,0.06445608820977453,0.15071499378859574
B0007,25,91,0.04119459773687198,0.07022095542831697,0.16117027193584793
B0007,26,93,0.04232704798626884,0.06414150947613172,0.1530110450396809
B0007,27,95,0.03996874022966617,0.06812474119697177,0.15583659130326413
B0007,28,97,0.03967286398299121,0.06333755034552216,0.14863745177355003
B0007,29,99,0.03979410788978178,0.06877945536158117,0.154902970401806
B0007,30,101,0.04046536725285732,0.06397225205950727,0.1508953133563485
B0007,31,103,0.04093901824195282,0.06675223084774302,0.1539578392456804
B0007,32,105,0.04083099544598788,0.06292223531520325,0.14990832085139316
B0007,33,107,0.041067363565729334,0.0662850303940424,0.15463156857222976
B0007,34,109,0.04078701229987664,0.06338858492819599,0.1477904160805379
B0007,35,111,0.041661708894818184,0.06816357758679417,0.15684550390606083
B0007,36,113,0.03981735939635393,0.06446689612483536,0.15100100554928145
B0007,37,115,0.040333531003242,0.06552022262244311,0.1523984358972589
B0007,38,117,0.03879098770177327,0.06280987925671022,0.14731178334312026
B0007,39,119,0.039800320946257906,0.06501329487260551,0.15344016882640069
B0007,40,121,0.04135849902166442,0.06409309629130175,0.1540559321188648
B0007,41,123,0.04068161380288319,0.06480202845662458,0.151506400836554
B0007,42,125,0.04198813216408782,0.06290743673977844,0.15083956762878495
B0007,43,127,0.04069176276675313,0.06403224799847893,0.1514960938115013
B0007,44,129,0.0410635565050997,0.06183018814159419,0.1473416052585286
B0007,45,131,0.04036112042873984,0.06359181730010477,0.1496190869360864
B0007,46,133,0.0397095688006817,0.06308316873083149,0.14652072015388143
B0007,47,137,0.04725020480421689,0.07272586091049475,0.1611616721313961
B0007,48,139,0.04658869845988432,0.06938696400889426,0.15670522612276377
B0007,49,141,0.046165351746082724,0.07140516250476096,0.15955858844960313
B0007,50,143,0.045058966847244336,0.06928051739204368,0.1581646561394629
B0007,51,145,0.04588397322290627,0.06926007196689592,0.15736494006104976
B0007,52,147,0.04581384765227875,0.06966533025568689,0.16055727524229998
B0007,53,151,0.04922145778943997,0.07134263821575189,0.16527469926729876
B0007,54,153,0.04888655382152031,0.06968514370622465,0.15894956255731688
B0007,55,155,0.0483951365393567,0.07135159504195451,0.1619904003740228
B0007,56,157,0.04805522182634865,0.06988641944387855,0.1585969528413714
B0007,57,159,0.04880060650708679,0.07055158255812932,0.16253655638799652
B0007,58,161,0.047509200748586077,0.07037254012210739,0.15961245422512085
B0007,59,163,0.047771007804623865,0.07071182578495028,0.15960368511000775
B0007,60,165,0.048179914298366426,0.07048007986898036,0.1598803702849914
B0007,61,167,0.04807094716422849,0.07168496170621791,0.16042348223159852
B0007,62,169,0.04853240735824653,0.07034952369656776,0.16168733691586054
B0007,63,171,0.04812925712317766,0.07103622899681207,0.1600709567017836
B0007,64,173,0.04974625536405859,0.07095960275807538,0.15965106671916746
B0007,65,175,0.04905350092860657,0.0716505512430741,0.16015871418621114
B0007,66,177,0.04989362821249148,0.06988750479775756,0.16096866519024983
B0007,67,179,0.047713850867314125,0.07104861014688077,0.1588314529684931
B0007,68,181,0.04762093306188868,0.06959637470924757,0.16263036394133662
B0007,69,183,0.04799398254598553,0.07155340020297168,0.1618162958146205
B0007,70,185,0.04647996212810349,0.07109805169409975,0.16126549247692
B0007,71,187,0.04743838010781302,0.07011601815239543,0.15619360136646832
B0007,72,189,0.04796925031131609,0.07089251138004057,0.16013686629099042
B0007,73,191,0.048992220667641126,0.07040814900058472,0.16160139356346473
B0007,74,193,0.04822541815588505,0.07097691576307026,0.16013347411171328
B0007,75,195,0.04821470056663109,0.06961687203754899,0.16074946912259916
B0007,76,197,0.04908955036286932,0.07022873713037443,0.1627445489334124
B0007,77,199,0.047912972518477946,0.06948120171428374,0.16162896523086281
B0007,78,201,0.048817413924019566,0.07189407403925935,0.1620797838968968
B0007,79,203,0.04761040788727024,0.0703612147830665,0.1577344560502406
B0007,80,205,0.04889219507251717,0.07012605128802055,0.16143115768730787
B0007,81,207,0.048347237713963785,0.07029953014036178,0.15858642921368743
B0007,82,209,0.04742321873077289,0.06907761875176498,0.16049735203747764
B0007,83,211,0.050111225517516046,0.06960073254899966,0.1620463262733615
B0007,84,213,0.048460437754935325,0.0708375336017697,0.16292003878438727
B0007,85,217,0.04874528416849275,0.07248947480976828,0.1604274072579231
B0007,86,219,0.04890922045962195,0.07224375321168745,0.16304335116063642
B0007,87,221,0.04834801429353973,0.07007227991852431,0.15950419177057576
B0007,88,223,0.05049341528042814,0.0714779278737494,0.16391478500622944
B0007,89,225,0.04790614551385609,0.07076656687245311,0.1582410567582291
B0007,90,227,0.049653807534869046,0.07281511275371025,0.16381493423959576
B0007,91,229,0.04815631252607322,0.07031487671206166,0.16198685776570837
B0007,92,231,0.049804698569480284,0.07183693248710026,0.16309511613634345
B0007,93,233,0.04871866527250497,0.07073110778960329,0.1616794264369542
B0007,94,235,0.04960142143548596,0.07212114083797687,0.16394012610884143
B0007,95,237,0.04830978182442808,0.07064084986534173,0.16086300160721473
B0007,96,239,0.04933286951263678,0.07263784411726666,0.16388513054434198
B0007,97,241,0.04802200703480097,0.07107634151010893,0.15840653996373036
B0007,98,243,0.048245150285560964,0.07344417258506274,0.1627558998096741
B0007,99,245,0.04887856396815102,0.07067979605623653,0.15932763125977142
B0007,100,247,0.05001512861656075,0.07381936636092858,0.16378102560376284
B0007,101,249,0.04912443706060332,0.07004253090015103,0.15864248233695102
B0007,102,251,0.047456705587096075,0.07255600991617446,0.1608567277968417
B0007,103,253,0.04893713330364649,0.07109876809149202,0.16064955496946645
B0007,104,255,0.048886406569936064,0.07289868386035867,0.1618582005907467
B0007,105,257,0.04911103876049412,0.07147560174006445,0.15996093365134412
B0007,106,259,0.04904240478915373,0.07202371305148902,0.1648913720080069
B0007,107,261,0.05030151322042697,0.07382011728457984,0.16154030152588864
B0007,108,263,0.04861981736892422,0.07223470556283451,0.1616700535528782
B0007,109,267,0.04858590816702541,0.07223412421622642,0.1605288798594408
B0007,110,269,0.04830739180756976,0.07449610987674748,0.1609003595540631
B0007,111,271,0.04876858782226287,0.07064567543830795,0.16243113924068503
B0007,112,273,0.04807714089362054,0.07403770271784743,0.16469739788065074
B0007,113,275,0.04812419279863444,0.07218949222755539,0.16156496539305698
B0007,114,277,0.048897202430558395,0.07193674461638987,0.1644695705242754
B0007,115,279,0.048287687725557416,0.0711931915352938,0.16216443894989901
B0007,116,281,0.05060519273798081,0.07400471120772745,0.1644139875257928
B0007,117,283,0.0518898593763007,0.07337968785128729,0.16382465718374614
B0007,118,285,0.05513227508897388,0.07463188429536609,0.16562142414368333
B0007,119,287,0.05314810765507648,0.07419785919197229,0.16369695507782098
B0007,120,289,0.052122387063300676,0.07530335771038864,0.16546285197472188
B0007,121,291,0.051886743475727706,0.07331681215513984,0.16275923542546453
B0007,122,293,0.05077571807567494,0.07496378520798935,0.16604725346044852
B0007,123,295,0.05127880020286333,0.07413404629394856,0.163809541468578
B0007,124,297,0.05126724930337932,0.07541159661766002,0.16673979071618963
B0007,125,299,0.05162074784919272,0.07456760686704336,0.165642141352127
B0007,126,301,0.051355678502895456,0.0749649652243977,0.16621526608828815
B0007,127,303,0.05218773955758448,0.0730264613396324,0.1621308442998304
B0007,128,305,0.05194895745860293,0.07469906780400354,0.1658532432496607
B0007,129,307,0.051323546192023374,0.07394056507406407,0.16314559939319973
B0007,130,309,0.05128667477654547,0.07539484013414438,0.1666885141983371
B0007,131,311,0.052841857026562786,0.07385806546031527,0.16612082207679804
B0007,132,312,0.05502813794451862,0.07705920199069437,0.16820755609956206
B0007,133,314,0.05527266157182866,0.07666481641775076,0.1675225948276268
B0007,134,317,0.05378413050825462,0.07630704682775627,0.1659579452984047
B0007,135,319,0.05324102311684918,0.07558335014316388,0.16805382366555485
B0007,136,321,0.05478650507622205,0.07743191172663344,0.1680106614210333
B0007,137,323,0.05273469991494585,0.07574262774043826,0.16682161053626196
B0007,138,325,0.05427689977479273,0.07517125637103751,0.1654220992941205
B0007,139,327,0.054101669766115246,0.07605862048749032,0.16736131258837156
B0007,140,329,0.05335555094385589,0.07624199701827614,0.16658410904423998
B0007,141,331,0.053379437619037746,0.0768769249386572,0.16628639484115246
B0007,142,333,0.05518512471358772,0.0767334331584221,0.16713776074158965
B0007,143,335,0.05523767045005179,0.07884381066373808,0.1690793450949236
B0007,144,337,0.053994133680981084,0.07773988563055201,0.1647554048812618
B0007,145,339,0.054439338280930595,0.07785420519610012,0.16574382192610546
B0007,146,341,0.055109377347250715,0.07623069832622051,0.16837089467167402
B0007,147,343,0.05405487569096337,0.07821105614795815,0.1681570634929633
B0007,148,345,0.05479070192432567,0.0771316593546729,0.16812512049855868
B0007,149,347,0.05335322659418541,0.07819867312210359,0.1666884400972974
B0007,150,349,0.05372850301976263,0.07612674604645071,0.16665069686478204
B0007,151,351,0.05354779689154472,0.07799840526566774,0.1665338006368209
B0007,152,353,0.05342880437818603,0.07475396587125875,0.16636786514934215
B0007,153,355,0.05429631089195726,0.07755605645193993,0.16822869807474658
B0007,154,357,0.05466184236291413,0.07846015850370025,0.16820763482988332
B0007,155,359,0.054140507846383475,0.07849103991881125,0.16898830079575838
B0007,156,361,0.053882401638940244,0.0774785569851945,0.16713549044465334
B0007,157,363,0.05497736185369785,0.07863873360391814,0.16703601731543483
B0007,158,365,0.05427616393971161,0.07537775917996459,0.16751774556284443
B0007,159,368,0.05377474963866314,0.07616309255239219,0.1665191154281202
B0007,160,370,0.054523978157317556,0.0781727897082057,0.16884225279863352
B0007,161,372,0.0531805398246686,0.07546214094908074,0.16490101916556485
B0007,162,374,0.05441238770330601,0.07816806645061,0.16940389092991334
B0007,163,376,0.05409518971933728,0.07684363196174843,0.16787356508581674
B0007,164,378,0.05451219205855288,0.07651054614613173,0.16720928952271705
B0007,165,380,0.056164422063534065,0.07769932463139873,0.1678140561294544
B0007,166,382,0.052351911552094406,0.0772564945442686,0.16825161138212527
B0007,167,384,0.05561672295492655,0.07570816049932046,0.1670466564519132
B0007,168,386,0.055582769847162185,0.07723477152073635,0.16677312147580056
B0007,169,388,0.054893315578426714,0.0784417847890159,0.16834879870320774
B0007,170,390,0.05474089300471066,0.07901841555586095,0.1671511324994991
B0007,171,392,0.05559975704161817,0.07623453799616979,0.1672493927452712
B0007,172,394,0.055237233438058246,0.0799393133533925,0.1677540176981342
B0007,173,396,0.05396274243560972,0.07868889028954579,0.16682366820102634
B0007,174,398,0.0572653476857599,0.07942312226110386,0.17015625537753987
B0007,175,400,0.0541146320474673,0.07612960917607249,0.16738547705044104
B0007,176,402,0.05107064795051435,0.07876484726875482,0.1670518487769697
B0007,177,404,0.05245305255719061,0.07836888342427649,0.16829579384898175
B0007,178,406,0.05508857873132331,0.07806701171840846,0.1683861717445202
B0007,179,408,0.053291029799270764,0.07774180078331032,0.16735987673619684
B0007,180,410,0.055778574185470456,0.07824269800333249,0.16817089766743723
B0007,181,412,0.05374267950314573,0.07767030600334027,0.16821754933292032
B0007,182,414,0.058454793092531966,0.07808837738558039,0.169855381895215
B0007,183,416,0.05464489394226865,0.07820049396409737,0.16769801720172975
B0007,184,418,0.05487289835073646,0.08114313792394433,0.16687700415038179
B0007,185,420,0.05828419298726298,0.07844622962445755,0.16878004740781724
B0007,186,422,0.0568991758337347,0.07887220766486298,0.17092552031543068
B0007,187,424,0.05428987712099985,0.07797181026914603,0.16626963917137683
B0007,188,426,0.05574285095910161,0.08005685613579032,0.16939342233750931
B0007,189,428,0.056765631832907296,0.0783665633777987,0.1668533342255254
B0007,190,430,0.05446434802277253,0.07791983537472322,0.16898995267391917
B0007,191,434,0.05968120820514389,0.07951493628212278,0.17032027392886723
B0007,192,436,0.05604258367132115,0.07991327205972212,0.16937162316359883
B0007,193,438,0.057541452922451095,0.08149127802203272,0.16857181741387803
B0007,194,440,0.05719697967170129,0.08185319457580625,0.17015575333914137
B0007,195,442,0.056906824959249674,0.0800043038139232,0.16870106455457928
B0007,196,444,0.05533954029001459,0.08086669055606474,0.17150794444746814
B0007,197,446,0.05670268214391647,0.08127758920341213,0.16898528501143975
B0007,198,448,0.057050602535577005,0.08153840356165401,0.16838222256904067
B0007,199,450,0.05753505401536875,0.07713077542429995,0.1692275453014154
B0007,200,452,0.0577616170406075,0.0820660023586674,0.16960471349141296
B0007,201,454,0.057686948907810176,0.08022088362573354,0.16924437847835866
B0007,202,456,0.057585488535843915,0.08293347770359485,0.16918129991217357
B0007,203,458,0.05770347788466892,0.08126925834885164,0.16876642696476685
B0007,204,460,0.05670666348649182,0.08268806521788226,0.1696638173208164
B0007,205,462,0.05723155595298293,0.0826950250965445,0.16922552181921835
B0007,206,464,0.05871571908588068,0.08294174003043774,0.17182449747754922
B0007,207,466,0.05786085013264919,0.08079562408415836,0.17006282302800868
B0007,208,468,0.057109751399146834,0.08239034528661737,0.16880408845256617
B0007,209,470,0.057511140154939196,0.08182855408185172,0.16852149315565626
B0007,210,472,0.05701776890792207,0.0816566640960627,0.16918241501811307
B0007,211,474,0.05818081028754896,0.08248706088939217,0.16945343249171785
B0007,212,476,0.05771468674207234,0.08397428323884612,0.171540534636444
B0007,213,478,0.057554341890008825,0.08219829115379546,0.16970205414927647
B0007,214,480,0.0568683507839505,0.08373541370295104,0.16948403565958498
B0007,215,486,0.06009510252454094,0.07958025942701291,0.1696729817533522
B0007,216,488,0.0546567857524269,0.08196905646669346,0.1686658431526344
B0007,217,490,0.05600939306983416,0.08238368438591265,0.16979360199342217
B0007,218,492,0.05855396288691582,0.0817127037862085,0.1703168947785953
B0007,219,494,0.05716927145517217,0.08220383699971687,0.1699897748265928
B0007,220,496,0.058279853382820955,0.08282201995515953,0.17001882294535858
B0007,221,498,0.06391487439073515,0.08730430672192088,0.1705391637046182
B0007,222,500,0.06554333401316845,0.08712630369162297,0.16888112365658603
B0007,223,502,0.06305909149270444,0.08573561975109256,0.1712635481520261
B0007,224,504,0.06343709105065118,0.08961239735080084,0.16782985770795536
B0007,225,506,0.06464924767693998,0.08956183369238867,0.17126624685015188
B0007,226,508,0.064090710272644,0.08923128682926011,0.16894264898479328
B0007,227,510,0.06341897509984018,0.08798070573782549,0.17020888585696992
B0007,228,512,0.0649449108692077,0.0882787478820197,0.16924655892917861
B0007,229,514,0.06404659499126542,0.08969255599053269,0.17006800795694746
B0007,230,516,0.06309122315038551,0.09066468210852158,0.1704140170422228
B0007,231,518,0.06435127573332249,0.08733673232133125,0.1698581013150997
B0007,232,520,0.0635675339735441,0.09036756488030863,0.16973503087234934
B0007,233,522,0.06591948382872609,0.08850648431782984,0.16966183404687862
B0007,234,524,0.06354297240865986,0.08993700983227765,0.16776554155495765
B0007,235,526,0.0649977419450826,0.08918839817199381,0.17213836197276677
B0007,236,528,0.06362757826786986,0.09244959245559134,0.16918405722764435
B0007,237,530,0.0659153562053605,0.08881959919920622,0.1712306316763135
B0007,238,532,0.06590148740383334,0.09003267092142803,0.1663701326953963
B0007,239,534,0.06514267045890823,0.08999845498726056,0.16986298876665903
B0007,240,536,0.06434871776064219,0.09283376873093901,0.16950462726474985
B0007,241,538,0.06518183738180343,0.09083905346760647,0.169219348204908
B0007,242,540,0.06476902315692028,0.09121990458691583,0.1692850920140931
B0007,243,542,0.063543167392366,0.08852778068820681,0.17128348461445728
B0007,244,544,0.06353069093235883,0.09116725503746168,0.1695704392703317
B0007,245,546,0.06422481176747886,0.087404820535234,0.16904597445477507
B0007,246,549,0.06415912257007907,0.09032883849831895,0.17077765043941676
B0007,247,551,0.06643642479689273,0.08671624569408547,0.16773041242965522
B0007,248,553,0.0634542700643541,0.08768736146246846,0.17137672142360835
B0007,249,555,0.06329811599005293,0.0883740485896972,0.16953868040419445
B0007,250,557,0.06291934396330487,0.08582394976894858,0.1699743260995737
B0007,251,559,0.06145601214896925,0.08889557028653669,0.1703992483965292
B0007,252,561,0.06237849213168391,0.08721191866822824,0.17077464912276186
B0007,253,563,0.06382375412452716,0.09017378045499043,0.16917037135765278
B0007,254,565,0.06275733239183592,0.08974609994235133,0.17000610137455663
B0007,255,567,0.06454679946231442,0.09024797990776603,0.16771964304753248
B0007,256,569,0.06393487478280767,0.08892224605524425,0.1702134071629268
B0007,257,571,0.06249691986052604,0.09115545784670619,0.16684280674322938
B0007,258,573,0.06265091616586904,0.08803688863240228,0.17051884076852145
B0007,259,575,0.06334787344507525,0.09172637881195314,0.1686649824333334
B0007,260,577,0.06579302475690738,0.0902509933428324,0.17007470301447722
B0007,261,579,0.06729379539953537,0.08877642239876088,0.16881347496655585
B0007,262,581,0.06430967319687048,0.09093892772715068,0.17008755123620167
B0007,263,583,0.06579546046710036,0.08913718734703446,0.1695725676480402
B0007,264,585,0.0643176054267762,0.08965051639295069,0.1687206083680704
B0007,265,587,0.06706903713310808,0.08931746529758988,0.16788448272915787
B0007,266,589,0.06264775576524217,0.09062764033755996,0.1707950898059132
B0007,267,591,0.06490942889368799,0.09075727480252856,0.16874552417513106
B0007,268,593,0.06409904375539072,0.09048892075072754,0.16968967645519786
B0007,269,595,0.06468467106868281,0.0912602372721357,0.16966557181336314
B0007,270,597,0.06263768180094363,0.0889708433613751,0.17010511486285804
B0007,271,599,0.06476607440681181,0.09331506762885133,0.1699170304560197
B0007,272,601,0.06461075599348456,0.09019465992992068,0.16859284768558783
B0007,273,603,0.06468646287403104,0.09357177480301318,0.16705969039440177
B0007,274,605,0.06492066764951249,0.08955496020574386,0.16991503615986583
B0007,275,607,0.06492526583837316,0.0913267326241943,0.17093234777077188
B0007,276,609,0.06466353603836943,0.0919880772013069,0.16913060988216783
B0007,277,611,0.06242528216023714,0.08981214323944718,0.1668709095194848
B0007,278,615,0.0671426900201505,0.09331350931281934,0.16777961082082082
B0018,1,2,0.06515815158455215,0.09555369570022001,0.16540953498211108
B0018,2,4,0.06319812376707153,0.10229511275627602,0.1676537412678384
B0018,3,6,0.06269644718508349,0.09161902925465781,0.1629655228519708
B0018,4,8,0.0626070139256824,0.0946846935443713,0.16390835126868192
B0018,5,10,0.06137843058604763,0.09188288246238666,0.16046582355049324
B0018,6,12,0.06199882418368678,0.0960700817119328,0.1644047771601629
B0018,7,14,0.06133724861449716,0.09141202809622342,0.16100487882494982
B0018,8,16,0.06143403300566526,0.09201876447685577,0.1630952194788181
B0018,9,26,0.06246407536667202,0.08784495845315991,0.15859801893000725
B0018,10,28,0.05911226141914418,0.08989822215265768,0.1597239927393817
B0018,11,38,0.06105488892245489,0.08795484250803035,0.15697025538833778
B0018,12,40,0.06100929812130678,0.08710663504547878,0.15833753937244388
B0018,13,50,0.06064904573360479,0.08754929973933033,0.1572778301839819
B0018,14,52,0.06219481868267621,0.08570971190558405,0.15710880674884262
B0018,15,62,0.06106479153135479,0.08848482071807108,0.15995466146775145
B0018,16,64,0.0595969662678692,0.08684055890192541,0.15524687509771293
B0018,17,74,0.06287106178477314,0.08500615970912836,0.1565433536588814
B0018,18,76,0.06095075041521759,0.08544326049182116,0.15622280864879545
B0018,19,86,0.06279037977354894,0.08611082715769634,0.15881085561183153
B0018,20,88,0.062054327669918884,0.0841039159798283,0.15737379659383144
B0018,21,98,0.06126874046942329,0.08711286500552247,0.15640777839374786
B0018,22,100,0.0627057717757101,0.08381129726407618,0.15313457260069474
B0018,23,110,0.060230110173563736,0.0877848925885978,0.16054656610249862
B0018,24,112,0.061801794410442104,0.08516278937578788,0.15438005643563318
B0018,25,126,0.06335998574164574,0.08600824718099127,0.1575242785254178
B0018,26,137,0.06254971088581063,0.0843178209735426,0.15793044341989532
B0018,27,139,0.06088396756004627,0.08522512012699898,0.1569598946456735
B0018,28,149,0.062318942746054214,0.0859882467642574,0.15864434835934843
B0018,29,151,0.0619094323498869,0.08488075014924702,0.1570953399180724
B0018,30,161,0.06328841535782422,0.08847320583286679,0.15923610446380337
B0018,31,163,0.06244245641291251,0.08553075414412509,0.1574283483929803
B0018,32,173,0.06272459952717446,0.09004616962738907,0.16439231343002889
B0018,33,175,0.06319723456202592,0.0872013762847039,0.1594049299445732
B0018,34,186,0.06332864514547537,0.08797976668527188,0.1575210709806738
B0018,35,196,0.06438276069827963,0.09108149736581252,0.16418252486955984
B0018,36,198,0.06322621852227772,0.08762970040962542,0.15929670104251928
B0018,37,208,0.06275964602343843,0.09224881675419787,0.16444805789637143
B0018,38,210,0.06306423201152148,0.08878755046571668,0.159555034897469
B0018,39,221,0.0654312939216661,0.08842632755307295,0.16333072522272976
B0018,40,231,0.0640350502034096,0.09164169330042057,0.16329653320862994
B0018,41,233,0.06431683619311312,0.08680690256687046,0.16184164022437547
B0018,42,243,0.06546443423939434,0.0925002319045349,0.16586955069861714
B0018,43,245,0.06545297065463919,0.0888408418585299,0.16314021648401983
B0018,44,255,0.06605675981972527,0.09024364278181114,0.16707430839750112
B0018,45,257,0.06550914978909368,0.08957234616173203,0.16369839030576358
B0018,46,268,0.06602461415916355,0.0893968694708912,0.16302416581394844
B0018,47,278,0.06528925688517716,0.0913916544478255,0.1660941739565058
B0018,48,280,0.06297327821062598,0.08791100017078796,0.1623727011015577
B0018,49,290,0.06516852362411818,0.09570731197373636,0.16555728465359493
B0018,50,292,0.0637387678424481,0.09115176519190589,0.1626219821126485
B0018,51,303,0.06521856379431411,0.09034871149507483,0.16398289663777865
B0018,52,313,0.06590455963486774,0.0920096535708447,0.1673097105786958
B0018,53,315,0.06606850271516486,0.08895885074391789,0.1649781084746835
